agent_id,FactorizedID
15cc347ef2df0b9f30e46257b7df0648e73cfba3eea4e6c9ebfc1191f79ed3e9b6158484a6694f40c1d2b5895d775ef00866d6f5dc26b0f764b270cd28a7de95,0
0296149e3f4ed102c44c8bb61ce98cc70410a28e4882d75f331574a1f1b39d24a6c33ca483cb9355648c864b931a79e453c974236fe39a05f59c341fcecfc3c6,1
05dd3fb02d6b22edca6b963512776a215cfd294f9595e52f0dfa58488e5ebc99b1b938aa912ff1fc12450b01db322d15264009ebe3f09de8610670aad1f5bc14,2
15384f088ef5d25b814813d02ac9241f35c6007416bc195f493771385c96adc0f3b80e9530b610ffcd162c9de6b76508403c5554c89ce70022c0a7d24b5b64a2,3
03b28c0e7911bd1d776533f7e0b476d14f726d609fb0b0931817e102f97ab1f5d48b1e0b5a7732c08581ffb31324fe78b7f9745e7f0dfd385d431985b4a8c45c,4
015d817767c140d72c15a355f77896560a0608d5feed7d87e4975f658fbfb420332e0d613a306bd7c9dafc04a501b52b7e2fc96e0bab66dcc2ee30a268391501,5
0885beeb72d43db958fb029e2b9b11afa6d454205b4a53c4e659f11add89a20bb3d0ef55fdbae8fba290454d8f4316dd8fd311f2b1d84af6c1f84f6cbcca6270,6
0fac5ca3fc47130e5f597e457d0a1b09ebdfbed6485ad788162bbccc99dc8f476bcf1e0ca7f75119e76fe269cc1429a696a9fc9390e557199fe42e99d42a7caf,7
0a974aea2f31cc86a66d0f5952ca85ec3b7f162e385affcf3e14aedfb29f1ceb64d7846cd7d4f16920fa01ad10fda637f71652002f9b2a0ea1aac8bea824a48a,8
076488f723f93c1e1818efd78ee236b3b44e83b04b7bbce2841f04feaebdc27ff9116f75354f6719a84ef16bdc50fe82c0090ef3da36f67ecae149c37e6abc99,9
